"filename", "language", "TypeScript React", "TypeScript", "JavaScript", "CSS", "Markdown", "JSON", "JSON with Comments", "HTML", "Go Module File", "Go Checksum File", "Go", "XML", "TOML", "YAML", "comment", "blank", "total"
"/Users/benzinho/dev/BU/MET CS673 - Software Engineering/group-project-team2/CS673_Backend_Go_Microservices/.aws-sam/build.toml", "TOML", 0, 0, 0, 0, 0, 0, 0, 0, 0, 0, 0, 0, 34, 0, 1, 6, 41
"/Users/benzinho/dev/BU/MET CS673 - Software Engineering/group-project-team2/CS673_Backend_Go_Microservices/.aws-sam/build/packaged-template.yaml", "YAML", 0, 0, 0, 0, 0, 0, 0, 0, 0, 0, 0, 0, 0, 121, 0, 3, 124
"/Users/benzinho/dev/BU/MET CS673 - Software Engineering/group-project-team2/CS673_Backend_Go_Microservices/.aws-sam/build/template.yaml", "YAML", 0, 0, 0, 0, 0, 0, 0, 0, 0, 0, 0, 0, 0, 121, 0, 3, 124
"/Users/benzinho/dev/BU/MET CS673 - Software Engineering/group-project-team2/CS673_Backend_Go_Microservices/.idea/CS673_Backend_Go.iml", "XML", 0, 0, 0, 0, 0, 0, 0, 0, 0, 0, 0, 32, 0, 0, 0, 0, 32
"/Users/benzinho/dev/BU/MET CS673 - Software Engineering/group-project-team2/CS673_Backend_Go_Microservices/.idea/aws.xml", "XML", 0, 0, 0, 0, 0, 0, 0, 0, 0, 0, 0, 17, 0, 0, 0, 0, 17
"/Users/benzinho/dev/BU/MET CS673 - Software Engineering/group-project-team2/CS673_Backend_Go_Microservices/.idea/modules.xml", "XML", 0, 0, 0, 0, 0, 0, 0, 0, 0, 0, 0, 8, 0, 0, 0, 0, 8
"/Users/benzinho/dev/BU/MET CS673 - Software Engineering/group-project-team2/CS673_Backend_Go_Microservices/README.md", "Markdown", 0, 0, 0, 0, 89, 0, 0, 0, 0, 0, 0, 0, 0, 0, 0, 42, 131
"/Users/benzinho/dev/BU/MET CS673 - Software Engineering/group-project-team2/CS673_Backend_Go_Microservices/activityController/go.mod", "Go Module File", 0, 0, 0, 0, 0, 0, 0, 0, 22, 0, 0, 0, 0, 0, 0, 4, 26
"/Users/benzinho/dev/BU/MET CS673 - Software Engineering/group-project-team2/CS673_Backend_Go_Microservices/activityController/go.sum", "Go Checksum File", 0, 0, 0, 0, 0, 0, 0, 0, 0, 191, 0, 0, 0, 0, 0, 1, 192
"/Users/benzinho/dev/BU/MET CS673 - Software Engineering/group-project-team2/CS673_Backend_Go_Microservices/activityController/main.go", "Go", 0, 0, 0, 0, 0, 0, 0, 0, 0, 0, 171, 0, 0, 0, 21, 59, 251
"/Users/benzinho/dev/BU/MET CS673 - Software Engineering/group-project-team2/CS673_Backend_Go_Microservices/hello-world/go.mod", "Go Module File", 0, 0, 0, 0, 0, 0, 0, 0, 3, 0, 0, 0, 0, 0, 0, 3, 6
"/Users/benzinho/dev/BU/MET CS673 - Software Engineering/group-project-team2/CS673_Backend_Go_Microservices/hello-world/go.sum", "Go Checksum File", 0, 0, 0, 0, 0, 0, 0, 0, 0, 17, 0, 0, 0, 0, 0, 1, 18
"/Users/benzinho/dev/BU/MET CS673 - Software Engineering/group-project-team2/CS673_Backend_Go_Microservices/hello-world/main.go", "Go", 0, 0, 0, 0, 0, 0, 0, 0, 0, 0, 37, 0, 0, 0, 3, 12, 52
"/Users/benzinho/dev/BU/MET CS673 - Software Engineering/group-project-team2/CS673_Backend_Go_Microservices/hello-world/main_test.go", "Go", 0, 0, 0, 0, 0, 0, 0, 0, 0, 0, 51, 0, 0, 0, 0, 14, 65
"/Users/benzinho/dev/BU/MET CS673 - Software Engineering/group-project-team2/CS673_Backend_Go_Microservices/jobController/go.mod", "Go Module File", 0, 0, 0, 0, 0, 0, 0, 0, 22, 0, 0, 0, 0, 0, 0, 4, 26
"/Users/benzinho/dev/BU/MET CS673 - Software Engineering/group-project-team2/CS673_Backend_Go_Microservices/jobController/go.sum", "Go Checksum File", 0, 0, 0, 0, 0, 0, 0, 0, 0, 191, 0, 0, 0, 0, 0, 1, 192
"/Users/benzinho/dev/BU/MET CS673 - Software Engineering/group-project-team2/CS673_Backend_Go_Microservices/jobController/main.go", "Go", 0, 0, 0, 0, 0, 0, 0, 0, 0, 0, 220, 0, 0, 0, 23, 70, 313
"/Users/benzinho/dev/BU/MET CS673 - Software Engineering/group-project-team2/CS673_Backend_Go_Microservices/template.yaml", "YAML", 0, 0, 0, 0, 0, 0, 0, 0, 0, 0, 0, 0, 0, 103, 4, 8, 115
"/Users/benzinho/dev/BU/MET CS673 - Software Engineering/group-project-team2/CS673_Backend_Go_Microservices/userController/go.mod", "Go Module File", 0, 0, 0, 0, 0, 0, 0, 0, 23, 0, 0, 0, 0, 0, 0, 4, 27
"/Users/benzinho/dev/BU/MET CS673 - Software Engineering/group-project-team2/CS673_Backend_Go_Microservices/userController/go.sum", "Go Checksum File", 0, 0, 0, 0, 0, 0, 0, 0, 0, 193, 0, 0, 0, 0, 0, 1, 194
"/Users/benzinho/dev/BU/MET CS673 - Software Engineering/group-project-team2/CS673_Backend_Go_Microservices/userController/main.go", "Go", 0, 0, 0, 0, 0, 0, 0, 0, 0, 0, 124, 0, 0, 0, 31, 38, 193
"/Users/benzinho/dev/BU/MET CS673 - Software Engineering/group-project-team2/CS673_Frontend_TS_React/.prettierrc", "JSON", 0, 0, 0, 0, 0, 6, 0, 0, 0, 0, 0, 0, 0, 0, 0, 1, 7
"/Users/benzinho/dev/BU/MET CS673 - Software Engineering/group-project-team2/CS673_Frontend_TS_React/Code_Overview.md", "Markdown", 0, 0, 0, 0, 92, 0, 0, 0, 0, 0, 0, 0, 0, 0, 0, 61, 153
"/Users/benzinho/dev/BU/MET CS673 - Software Engineering/group-project-team2/CS673_Frontend_TS_React/README.md", "Markdown", 0, 0, 0, 0, 62, 0, 0, 0, 0, 0, 0, 0, 0, 0, 1, 48, 111
"/Users/benzinho/dev/BU/MET CS673 - Software Engineering/group-project-team2/CS673_Frontend_TS_React/README_CRA.md", "Markdown", 0, 0, 0, 0, 25, 0, 0, 0, 0, 0, 0, 0, 0, 0, 0, 20, 45
"/Users/benzinho/dev/BU/MET CS673 - Software Engineering/group-project-team2/CS673_Frontend_TS_React/babel.config.json", "JSON with Comments", 0, 0, 0, 0, 0, 0, 16, 0, 0, 0, 0, 0, 0, 0, 0, 1, 17
"/Users/benzinho/dev/BU/MET CS673 - Software Engineering/group-project-team2/CS673_Frontend_TS_React/coverage/clover.xml", "XML", 0, 0, 0, 0, 0, 0, 0, 0, 0, 0, 0, 3244, 0, 0, 0, 1, 3245
"/Users/benzinho/dev/BU/MET CS673 - Software Engineering/group-project-team2/CS673_Frontend_TS_React/coverage/coverage-final.json", "JSON", 0, 0, 0, 0, 0, 48, 0, 0, 0, 0, 0, 0, 0, 0, 0, 1, 49
"/Users/benzinho/dev/BU/MET CS673 - Software Engineering/group-project-team2/CS673_Frontend_TS_React/coverage/lcov-report/BasicModal.tsx.html", "HTML", 0, 0, 0, 0, 0, 0, 0, 194, 0, 0, 0, 0, 0, 0, 0, 14, 208
"/Users/benzinho/dev/BU/MET CS673 - Software Engineering/group-project-team2/CS673_Frontend_TS_React/coverage/lcov-report/Link.js.html", "HTML", 0, 0, 0, 0, 0, 0, 0, 155, 0, 0, 0, 0, 0, 0, 0, 14, 169
"/Users/benzinho/dev/BU/MET CS673 - Software Engineering/group-project-team2/CS673_Frontend_TS_React/coverage/lcov-report/app/hooks.ts.html", "HTML", 0, 0, 0, 0, 0, 0, 0, 83, 0, 0, 0, 0, 0, 0, 0, 14, 97
"/Users/benzinho/dev/BU/MET CS673 - Software Engineering/group-project-team2/CS673_Frontend_TS_React/coverage/lcov-report/app/index.html", "HTML", 0, 0, 0, 0, 0, 0, 0, 116, 0, 0, 0, 0, 0, 0, 0, 15, 131
"/Users/benzinho/dev/BU/MET CS673 - Software Engineering/group-project-team2/CS673_Frontend_TS_React/coverage/lcov-report/app/store.ts.html", "HTML", 0, 0, 0, 0, 0, 0, 0, 149, 0, 0, 0, 0, 0, 0, 0, 14, 163
"/Users/benzinho/dev/BU/MET CS673 - Software Engineering/group-project-team2/CS673_Frontend_TS_React/coverage/lcov-report/base.css", "CSS", 0, 0, 0, 203, 0, 0, 0, 0, 0, 0, 0, 0, 0, 0, 9, 13, 225
"/Users/benzinho/dev/BU/MET CS673 - Software Engineering/group-project-team2/CS673_Frontend_TS_React/coverage/lcov-report/block-navigation.js", "JavaScript", 0, 0, 66, 0, 0, 0, 0, 0, 0, 0, 0, 0, 0, 0, 7, 15, 88
"/Users/benzinho/dev/BU/MET CS673 - Software Engineering/group-project-team2/CS673_Frontend_TS_React/coverage/lcov-report/components/Activity_Components/ActivityForm.tsx.html", "HTML", 0, 0, 0, 0, 0, 0, 0, 755, 0, 0, 0, 0, 0, 0, 0, 14, 769
"/Users/benzinho/dev/BU/MET CS673 - Software Engineering/group-project-team2/CS673_Frontend_TS_React/coverage/lcov-report/components/Activity_Components/index.html", "HTML", 0, 0, 0, 0, 0, 0, 0, 102, 0, 0, 0, 0, 0, 0, 0, 14, 116
"/Users/benzinho/dev/BU/MET CS673 - Software Engineering/group-project-team2/CS673_Frontend_TS_React/coverage/lcov-report/components/BasicModal.tsx.html", "HTML", 0, 0, 0, 0, 0, 0, 0, 269, 0, 0, 0, 0, 0, 0, 0, 14, 283
"/Users/benzinho/dev/BU/MET CS673 - Software Engineering/group-project-team2/CS673_Frontend_TS_React/coverage/lcov-report/components/JobForm.tsx.html", "HTML", 0, 0, 0, 0, 0, 0, 0, 163, 0, 0, 0, 0, 0, 0, 0, 15, 178
"/Users/benzinho/dev/BU/MET CS673 - Software Engineering/group-project-team2/CS673_Frontend_TS_React/coverage/lcov-report/components/Job_Components/JobForm.tsx.html", "HTML", 0, 0, 0, 0, 0, 0, 0, 547, 0, 0, 0, 0, 0, 0, 0, 18, 565
"/Users/benzinho/dev/BU/MET CS673 - Software Engineering/group-project-team2/CS673_Frontend_TS_React/coverage/lcov-report/components/Job_Components/index.html", "HTML", 0, 0, 0, 0, 0, 0, 0, 102, 0, 0, 0, 0, 0, 0, 0, 14, 116
"/Users/benzinho/dev/BU/MET CS673 - Software Engineering/group-project-team2/CS673_Frontend_TS_React/coverage/lcov-report/components/Link.js.html", "HTML", 0, 0, 0, 0, 0, 0, 0, 155, 0, 0, 0, 0, 0, 0, 0, 14, 169
"/Users/benzinho/dev/BU/MET CS673 - Software Engineering/group-project-team2/CS673_Frontend_TS_React/coverage/lcov-report/components/index.html", "HTML", 0, 0, 0, 0, 0, 0, 0, 102, 0, 0, 0, 0, 0, 0, 0, 14, 116
"/Users/benzinho/dev/BU/MET CS673 - Software Engineering/group-project-team2/CS673_Frontend_TS_React/coverage/lcov-report/features/UI/index.html", "HTML", 0, 0, 0, 0, 0, 0, 0, 102, 0, 0, 0, 0, 0, 0, 0, 14, 116
"/Users/benzinho/dev/BU/MET CS673 - Software Engineering/group-project-team2/CS673_Frontend_TS_React/coverage/lcov-report/features/UI/ui_slice.tsx.html", "HTML", 0, 0, 0, 0, 0, 0, 0, 143, 0, 0, 0, 0, 0, 0, 0, 14, 157
"/Users/benzinho/dev/BU/MET CS673 - Software Engineering/group-project-team2/CS673_Frontend_TS_React/coverage/lcov-report/features/activities/activities-slice.tsx.html", "HTML", 0, 0, 0, 0, 0, 0, 0, 290, 0, 0, 0, 0, 0, 0, 0, 14, 304
"/Users/benzinho/dev/BU/MET CS673 - Software Engineering/group-project-team2/CS673_Frontend_TS_React/coverage/lcov-report/features/activities/index.html", "HTML", 0, 0, 0, 0, 0, 0, 0, 102, 0, 0, 0, 0, 0, 0, 0, 14, 116
"/Users/benzinho/dev/BU/MET CS673 - Software Engineering/group-project-team2/CS673_Frontend_TS_React/coverage/lcov-report/features/activity/activity-slice.tsx.html", "HTML", 0, 0, 0, 0, 0, 0, 0, 179, 0, 0, 0, 0, 0, 0, 0, 14, 193
"/Users/benzinho/dev/BU/MET CS673 - Software Engineering/group-project-team2/CS673_Frontend_TS_React/coverage/lcov-report/features/activity/index.html", "HTML", 0, 0, 0, 0, 0, 0, 0, 102, 0, 0, 0, 0, 0, 0, 0, 14, 116
"/Users/benzinho/dev/BU/MET CS673 - Software Engineering/group-project-team2/CS673_Frontend_TS_React/coverage/lcov-report/features/job/index.html", "HTML", 0, 0, 0, 0, 0, 0, 0, 102, 0, 0, 0, 0, 0, 0, 0, 14, 116
"/Users/benzinho/dev/BU/MET CS673 - Software Engineering/group-project-team2/CS673_Frontend_TS_React/coverage/lcov-report/features/job/job-slice.tsx.html", "HTML", 0, 0, 0, 0, 0, 0, 0, 188, 0, 0, 0, 0, 0, 0, 0, 14, 202
"/Users/benzinho/dev/BU/MET CS673 - Software Engineering/group-project-team2/CS673_Frontend_TS_React/coverage/lcov-report/features/jobs/index.html", "HTML", 0, 0, 0, 0, 0, 0, 0, 102, 0, 0, 0, 0, 0, 0, 0, 14, 116
"/Users/benzinho/dev/BU/MET CS673 - Software Engineering/group-project-team2/CS673_Frontend_TS_React/coverage/lcov-report/features/jobs/jobs-api-slice.ts.html", "HTML", 0, 0, 0, 0, 0, 0, 0, 281, 0, 0, 0, 0, 0, 0, 0, 14, 295
"/Users/benzinho/dev/BU/MET CS673 - Software Engineering/group-project-team2/CS673_Frontend_TS_React/coverage/lcov-report/features/user/index.html", "HTML", 0, 0, 0, 0, 0, 0, 0, 102, 0, 0, 0, 0, 0, 0, 0, 14, 116
"/Users/benzinho/dev/BU/MET CS673 - Software Engineering/group-project-team2/CS673_Frontend_TS_React/coverage/lcov-report/features/user/user-slice.tsx.html", "HTML", 0, 0, 0, 0, 0, 0, 0, 131, 0, 0, 0, 0, 0, 0, 0, 14, 145
"/Users/benzinho/dev/BU/MET CS673 - Software Engineering/group-project-team2/CS673_Frontend_TS_React/coverage/lcov-report/index.html", "HTML", 0, 0, 0, 0, 0, 0, 0, 382, 0, 0, 0, 0, 0, 0, 0, 34, 416
"/Users/benzinho/dev/BU/MET CS673 - Software Engineering/group-project-team2/CS673_Frontend_TS_React/coverage/lcov-report/prettify.css", "CSS", 0, 0, 0, 1, 0, 0, 0, 0, 0, 0, 0, 0, 0, 0, 0, 1, 2
"/Users/benzinho/dev/BU/MET CS673 - Software Engineering/group-project-team2/CS673_Frontend_TS_React/coverage/lcov-report/prettify.js", "JavaScript", 0, 0, 1, 0, 0, 0, 0, 0, 0, 0, 0, 0, 0, 0, 1, 1, 3
"/Users/benzinho/dev/BU/MET CS673 - Software Engineering/group-project-team2/CS673_Frontend_TS_React/coverage/lcov-report/sorter.js", "JavaScript", 0, 0, 165, 0, 0, 0, 0, 0, 0, 0, 0, 0, 0, 0, 17, 15, 197
"/Users/benzinho/dev/BU/MET CS673 - Software Engineering/group-project-team2/CS673_Frontend_TS_React/coverage/lcov-report/src/App.tsx.html", "HTML", 0, 0, 0, 0, 0, 0, 0, 152, 0, 0, 0, 0, 0, 0, 0, 14, 166
"/Users/benzinho/dev/BU/MET CS673 - Software Engineering/group-project-team2/CS673_Frontend_TS_React/coverage/lcov-report/src/app/hooks.ts.html", "HTML", 0, 0, 0, 0, 0, 0, 0, 83, 0, 0, 0, 0, 0, 0, 0, 14, 97
"/Users/benzinho/dev/BU/MET CS673 - Software Engineering/group-project-team2/CS673_Frontend_TS_React/coverage/lcov-report/src/app/index.html", "HTML", 0, 0, 0, 0, 0, 0, 0, 116, 0, 0, 0, 0, 0, 0, 0, 15, 131
"/Users/benzinho/dev/BU/MET CS673 - Software Engineering/group-project-team2/CS673_Frontend_TS_React/coverage/lcov-report/src/app/store.ts.html", "HTML", 0, 0, 0, 0, 0, 0, 0, 149, 0, 0, 0, 0, 0, 0, 0, 14, 163
"/Users/benzinho/dev/BU/MET CS673 - Software Engineering/group-project-team2/CS673_Frontend_TS_React/coverage/lcov-report/src/components/Activity_Components/Activity.tsx.html", "HTML", 0, 0, 0, 0, 0, 0, 0, 242, 0, 0, 0, 0, 0, 0, 0, 14, 256
"/Users/benzinho/dev/BU/MET CS673 - Software Engineering/group-project-team2/CS673_Frontend_TS_React/coverage/lcov-report/src/components/Activity_Components/ActivityContainer.tsx.html", "HTML", 0, 0, 0, 0, 0, 0, 0, 512, 0, 0, 0, 0, 0, 0, 0, 14, 526
"/Users/benzinho/dev/BU/MET CS673 - Software Engineering/group-project-team2/CS673_Frontend_TS_React/coverage/lcov-report/src/components/Activity_Components/ActivityForm.tsx.html", "HTML", 0, 0, 0, 0, 0, 0, 0, 755, 0, 0, 0, 0, 0, 0, 0, 14, 769
"/Users/benzinho/dev/BU/MET CS673 - Software Engineering/group-project-team2/CS673_Frontend_TS_React/coverage/lcov-report/src/components/Activity_Components/index.html", "HTML", 0, 0, 0, 0, 0, 0, 0, 130, 0, 0, 0, 0, 0, 0, 0, 16, 146
"/Users/benzinho/dev/BU/MET CS673 - Software Engineering/group-project-team2/CS673_Frontend_TS_React/coverage/lcov-report/src/components/AddBtn.tsx.html", "HTML", 0, 0, 0, 0, 0, 0, 0, 101, 0, 0, 0, 0, 0, 0, 0, 14, 115
"/Users/benzinho/dev/BU/MET CS673 - Software Engineering/group-project-team2/CS673_Frontend_TS_React/coverage/lcov-report/src/components/BasicModal.tsx.html", "HTML", 0, 0, 0, 0, 0, 0, 0, 269, 0, 0, 0, 0, 0, 0, 0, 14, 283
"/Users/benzinho/dev/BU/MET CS673 - Software Engineering/group-project-team2/CS673_Frontend_TS_React/coverage/lcov-report/src/components/ExternalAPI.tsx.html", "HTML", 0, 0, 0, 0, 0, 0, 0, 230, 0, 0, 0, 0, 0, 0, 0, 14, 244
"/Users/benzinho/dev/BU/MET CS673 - Software Engineering/group-project-team2/CS673_Frontend_TS_React/coverage/lcov-report/src/components/HomePageHeader.tsx.html", "HTML", 0, 0, 0, 0, 0, 0, 0, 167, 0, 0, 0, 0, 0, 0, 0, 14, 181
"/Users/benzinho/dev/BU/MET CS673 - Software Engineering/group-project-team2/CS673_Frontend_TS_React/coverage/lcov-report/src/components/Job_Components/DeleteBtn.tsx.html", "HTML", 0, 0, 0, 0, 0, 0, 0, 98, 0, 0, 0, 0, 0, 0, 0, 14, 112
"/Users/benzinho/dev/BU/MET CS673 - Software Engineering/group-project-team2/CS673_Frontend_TS_React/coverage/lcov-report/src/components/Job_Components/JobCard.tsx.html", "HTML", 0, 0, 0, 0, 0, 0, 0, 146, 0, 0, 0, 0, 0, 0, 0, 14, 160
"/Users/benzinho/dev/BU/MET CS673 - Software Engineering/group-project-team2/CS673_Frontend_TS_React/coverage/lcov-report/src/components/Job_Components/JobCardList.tsx.html", "HTML", 0, 0, 0, 0, 0, 0, 0, 224, 0, 0, 0, 0, 0, 0, 0, 14, 238
"/Users/benzinho/dev/BU/MET CS673 - Software Engineering/group-project-team2/CS673_Frontend_TS_React/coverage/lcov-report/src/components/Job_Components/JobCardNew.tsx.html", "HTML", 0, 0, 0, 0, 0, 0, 0, 383, 0, 0, 0, 0, 0, 0, 0, 14, 397
"/Users/benzinho/dev/BU/MET CS673 - Software Engineering/group-project-team2/CS673_Frontend_TS_React/coverage/lcov-report/src/components/Job_Components/JobForm.tsx.html", "HTML", 0, 0, 0, 0, 0, 0, 0, 580, 0, 0, 0, 0, 0, 0, 0, 18, 598
"/Users/benzinho/dev/BU/MET CS673 - Software Engineering/group-project-team2/CS673_Frontend_TS_React/coverage/lcov-report/src/components/Job_Components/NoJobs.tsx.html", "HTML", 0, 0, 0, 0, 0, 0, 0, 110, 0, 0, 0, 0, 0, 0, 0, 14, 124
"/Users/benzinho/dev/BU/MET CS673 - Software Engineering/group-project-team2/CS673_Frontend_TS_React/coverage/lcov-report/src/components/Job_Components/index.html", "HTML", 0, 0, 0, 0, 0, 0, 0, 172, 0, 0, 0, 0, 0, 0, 0, 19, 191
"/Users/benzinho/dev/BU/MET CS673 - Software Engineering/group-project-team2/CS673_Frontend_TS_React/coverage/lcov-report/src/components/Landing_Page_Components/Waves.tsx.html", "HTML", 0, 0, 0, 0, 0, 0, 0, 215, 0, 0, 0, 0, 0, 0, 0, 14, 229
"/Users/benzinho/dev/BU/MET CS673 - Software Engineering/group-project-team2/CS673_Frontend_TS_React/coverage/lcov-report/src/components/Landing_Page_Components/index.html", "HTML", 0, 0, 0, 0, 0, 0, 0, 102, 0, 0, 0, 0, 0, 0, 0, 14, 116
"/Users/benzinho/dev/BU/MET CS673 - Software Engineering/group-project-team2/CS673_Frontend_TS_React/coverage/lcov-report/src/components/Login.tsx.html", "HTML", 0, 0, 0, 0, 0, 0, 0, 122, 0, 0, 0, 0, 0, 0, 0, 14, 136
"/Users/benzinho/dev/BU/MET CS673 - Software Engineering/group-project-team2/CS673_Frontend_TS_React/coverage/lcov-report/src/components/Logout.tsx.html", "HTML", 0, 0, 0, 0, 0, 0, 0, 122, 0, 0, 0, 0, 0, 0, 0, 14, 136
"/Users/benzinho/dev/BU/MET CS673 - Software Engineering/group-project-team2/CS673_Frontend_TS_React/coverage/lcov-report/src/components/NavMenuItems.tsx.html", "HTML", 0, 0, 0, 0, 0, 0, 0, 185, 0, 0, 0, 0, 0, 0, 0, 14, 199
"/Users/benzinho/dev/BU/MET CS673 - Software Engineering/group-project-team2/CS673_Frontend_TS_React/coverage/lcov-report/src/components/Navbar.tsx.html", "HTML", 0, 0, 0, 0, 0, 0, 0, 183, 0, 0, 0, 0, 0, 0, 0, 16, 199
"/Users/benzinho/dev/BU/MET CS673 - Software Engineering/group-project-team2/CS673_Frontend_TS_React/coverage/lcov-report/src/components/SortBySelect.tsx.html", "HTML", 0, 0, 0, 0, 0, 0, 0, 80, 0, 0, 0, 0, 0, 0, 0, 14, 94
"/Users/benzinho/dev/BU/MET CS673 - Software Engineering/group-project-team2/CS673_Frontend_TS_React/coverage/lcov-report/src/components/User.tsx.html", "HTML", 0, 0, 0, 0, 0, 0, 0, 164, 0, 0, 0, 0, 0, 0, 0, 14, 178
"/Users/benzinho/dev/BU/MET CS673 - Software Engineering/group-project-team2/CS673_Frontend_TS_React/coverage/lcov-report/src/components/UserMenuItem.tsx.html", "HTML", 0, 0, 0, 0, 0, 0, 0, 143, 0, 0, 0, 0, 0, 0, 0, 14, 157
"/Users/benzinho/dev/BU/MET CS673 - Software Engineering/group-project-team2/CS673_Frontend_TS_React/coverage/lcov-report/src/components/index.html", "HTML", 0, 0, 0, 0, 0, 0, 0, 242, 0, 0, 0, 0, 0, 0, 0, 24, 266
"/Users/benzinho/dev/BU/MET CS673 - Software Engineering/group-project-team2/CS673_Frontend_TS_React/coverage/lcov-report/src/data/index.html", "HTML", 0, 0, 0, 0, 0, 0, 0, 102, 0, 0, 0, 0, 0, 0, 0, 14, 116
"/Users/benzinho/dev/BU/MET CS673 - Software Engineering/group-project-team2/CS673_Frontend_TS_React/coverage/lcov-report/src/data/mockdata.tsx.html", "HTML", 0, 0, 0, 0, 0, 0, 0, 1928, 0, 0, 0, 0, 0, 0, 0, 14, 1942
"/Users/benzinho/dev/BU/MET CS673 - Software Engineering/group-project-team2/CS673_Frontend_TS_React/coverage/lcov-report/src/features/UI/index.html", "HTML", 0, 0, 0, 0, 0, 0, 0, 102, 0, 0, 0, 0, 0, 0, 0, 14, 116
"/Users/benzinho/dev/BU/MET CS673 - Software Engineering/group-project-team2/CS673_Frontend_TS_React/coverage/lcov-report/src/features/UI/ui_slice.tsx.html", "HTML", 0, 0, 0, 0, 0, 0, 0, 143, 0, 0, 0, 0, 0, 0, 0, 14, 157
"/Users/benzinho/dev/BU/MET CS673 - Software Engineering/group-project-team2/CS673_Frontend_TS_React/coverage/lcov-report/src/features/activities/activities-slice.tsx.html", "HTML", 0, 0, 0, 0, 0, 0, 0, 290, 0, 0, 0, 0, 0, 0, 0, 14, 304
"/Users/benzinho/dev/BU/MET CS673 - Software Engineering/group-project-team2/CS673_Frontend_TS_React/coverage/lcov-report/src/features/activities/index.html", "HTML", 0, 0, 0, 0, 0, 0, 0, 102, 0, 0, 0, 0, 0, 0, 0, 14, 116
"/Users/benzinho/dev/BU/MET CS673 - Software Engineering/group-project-team2/CS673_Frontend_TS_React/coverage/lcov-report/src/features/activity/activity-slice.tsx.html", "HTML", 0, 0, 0, 0, 0, 0, 0, 179, 0, 0, 0, 0, 0, 0, 0, 14, 193
"/Users/benzinho/dev/BU/MET CS673 - Software Engineering/group-project-team2/CS673_Frontend_TS_React/coverage/lcov-report/src/features/activity/index.html", "HTML", 0, 0, 0, 0, 0, 0, 0, 102, 0, 0, 0, 0, 0, 0, 0, 14, 116
"/Users/benzinho/dev/BU/MET CS673 - Software Engineering/group-project-team2/CS673_Frontend_TS_React/coverage/lcov-report/src/features/job/index.html", "HTML", 0, 0, 0, 0, 0, 0, 0, 102, 0, 0, 0, 0, 0, 0, 0, 14, 116
"/Users/benzinho/dev/BU/MET CS673 - Software Engineering/group-project-team2/CS673_Frontend_TS_React/coverage/lcov-report/src/features/job/job-slice.tsx.html", "HTML", 0, 0, 0, 0, 0, 0, 0, 188, 0, 0, 0, 0, 0, 0, 0, 14, 202
"/Users/benzinho/dev/BU/MET CS673 - Software Engineering/group-project-team2/CS673_Frontend_TS_React/coverage/lcov-report/src/features/jobs/index.html", "HTML", 0, 0, 0, 0, 0, 0, 0, 102, 0, 0, 0, 0, 0, 0, 0, 14, 116
"/Users/benzinho/dev/BU/MET CS673 - Software Engineering/group-project-team2/CS673_Frontend_TS_React/coverage/lcov-report/src/features/jobs/jobs-api-slice.ts.html", "HTML", 0, 0, 0, 0, 0, 0, 0, 284, 0, 0, 0, 0, 0, 0, 0, 14, 298
"/Users/benzinho/dev/BU/MET CS673 - Software Engineering/group-project-team2/CS673_Frontend_TS_React/coverage/lcov-report/src/features/user/index.html", "HTML", 0, 0, 0, 0, 0, 0, 0, 102, 0, 0, 0, 0, 0, 0, 0, 14, 116
"/Users/benzinho/dev/BU/MET CS673 - Software Engineering/group-project-team2/CS673_Frontend_TS_React/coverage/lcov-report/src/features/user/user-slice.tsx.html", "HTML", 0, 0, 0, 0, 0, 0, 0, 155, 0, 0, 0, 0, 0, 0, 0, 14, 169
"/Users/benzinho/dev/BU/MET CS673 - Software Engineering/group-project-team2/CS673_Frontend_TS_React/coverage/lcov-report/src/index.html", "HTML", 0, 0, 0, 0, 0, 0, 0, 130, 0, 0, 0, 0, 0, 0, 0, 16, 146
"/Users/benzinho/dev/BU/MET CS673 - Software Engineering/group-project-team2/CS673_Frontend_TS_React/coverage/lcov-report/src/index.tsx.html", "HTML", 0, 0, 0, 0, 0, 0, 0, 140, 0, 0, 0, 0, 0, 0, 0, 14, 154
"/Users/benzinho/dev/BU/MET CS673 - Software Engineering/group-project-team2/CS673_Frontend_TS_React/coverage/lcov-report/src/middleware/auth/AxiosInterceptorProvider.tsx.html", "HTML", 0, 0, 0, 0, 0, 0, 0, 224, 0, 0, 0, 0, 0, 0, 0, 14, 238
"/Users/benzinho/dev/BU/MET CS673 - Software Engineering/group-project-team2/CS673_Frontend_TS_React/coverage/lcov-report/src/middleware/auth/CommonAuthProvider.tsx.html", "HTML", 0, 0, 0, 0, 0, 0, 0, 179, 0, 0, 0, 0, 0, 0, 0, 14, 193
"/Users/benzinho/dev/BU/MET CS673 - Software Engineering/group-project-team2/CS673_Frontend_TS_React/coverage/lcov-report/src/middleware/auth/index.html", "HTML", 0, 0, 0, 0, 0, 0, 0, 130, 0, 0, 0, 0, 0, 0, 0, 16, 146
"/Users/benzinho/dev/BU/MET CS673 - Software Engineering/group-project-team2/CS673_Frontend_TS_React/coverage/lcov-report/src/middleware/auth/index.tsx.html", "HTML", 0, 0, 0, 0, 0, 0, 0, 143, 0, 0, 0, 0, 0, 0, 0, 14, 157
"/Users/benzinho/dev/BU/MET CS673 - Software Engineering/group-project-team2/CS673_Frontend_TS_React/coverage/lcov-report/src/middleware/restclient/api.tsx.html", "HTML", 0, 0, 0, 0, 0, 0, 0, 125, 0, 0, 0, 0, 0, 0, 0, 14, 139
"/Users/benzinho/dev/BU/MET CS673 - Software Engineering/group-project-team2/CS673_Frontend_TS_React/coverage/lcov-report/src/middleware/restclient/index.html", "HTML", 0, 0, 0, 0, 0, 0, 0, 102, 0, 0, 0, 0, 0, 0, 0, 14, 116
"/Users/benzinho/dev/BU/MET CS673 - Software Engineering/group-project-team2/CS673_Frontend_TS_React/coverage/lcov-report/src/model/index.html", "HTML", 0, 0, 0, 0, 0, 0, 0, 102, 0, 0, 0, 0, 0, 0, 0, 14, 116
"/Users/benzinho/dev/BU/MET CS673 - Software Engineering/group-project-team2/CS673_Frontend_TS_React/coverage/lcov-report/src/model/job.type.tsx.html", "HTML", 0, 0, 0, 0, 0, 0, 0, 89, 0, 0, 0, 0, 0, 0, 0, 14, 103
"/Users/benzinho/dev/BU/MET CS673 - Software Engineering/group-project-team2/CS673_Frontend_TS_React/coverage/lcov-report/src/pages/About.tsx.html", "HTML", 0, 0, 0, 0, 0, 0, 0, 158, 0, 0, 0, 0, 0, 0, 0, 14, 172
"/Users/benzinho/dev/BU/MET CS673 - Software Engineering/group-project-team2/CS673_Frontend_TS_React/coverage/lcov-report/src/pages/Home.tsx.html", "HTML", 0, 0, 0, 0, 0, 0, 0, 182, 0, 0, 0, 0, 0, 0, 0, 14, 196
"/Users/benzinho/dev/BU/MET CS673 - Software Engineering/group-project-team2/CS673_Frontend_TS_React/coverage/lcov-report/src/pages/Loading.tsx.html", "HTML", 0, 0, 0, 0, 0, 0, 0, 242, 0, 0, 0, 0, 0, 0, 0, 14, 256
"/Users/benzinho/dev/BU/MET CS673 - Software Engineering/group-project-team2/CS673_Frontend_TS_React/coverage/lcov-report/src/pages/index.html", "HTML", 0, 0, 0, 0, 0, 0, 0, 130, 0, 0, 0, 0, 0, 0, 0, 16, 146
"/Users/benzinho/dev/BU/MET CS673 - Software Engineering/group-project-team2/CS673_Frontend_TS_React/coverage/lcov-report/src/react-app-env.d.ts.html", "HTML", 0, 0, 0, 0, 0, 0, 0, 77, 0, 0, 0, 0, 0, 0, 0, 14, 91
"/Users/benzinho/dev/BU/MET CS673 - Software Engineering/group-project-team2/CS673_Frontend_TS_React/coverage/lcov-report/src/services/index.html", "HTML", 0, 0, 0, 0, 0, 0, 0, 102, 0, 0, 0, 0, 0, 0, 0, 14, 116
"/Users/benzinho/dev/BU/MET CS673 - Software Engineering/group-project-team2/CS673_Frontend_TS_React/coverage/lcov-report/src/services/jobs.service.tsx.html", "HTML", 0, 0, 0, 0, 0, 0, 0, 143, 0, 0, 0, 0, 0, 0, 0, 14, 157
"/Users/benzinho/dev/BU/MET CS673 - Software Engineering/group-project-team2/CS673_Frontend_TS_React/coverage/lcov-report/src/setupTests.ts.html", "HTML", 0, 0, 0, 0, 0, 0, 0, 83, 0, 0, 0, 0, 0, 0, 0, 14, 97
"/Users/benzinho/dev/BU/MET CS673 - Software Engineering/group-project-team2/CS673_Frontend_TS_React/coverage/lcov-report/src/styles/app-theme.ts.html", "HTML", 0, 0, 0, 0, 0, 0, 0, 205, 0, 0, 0, 0, 0, 0, 0, 15, 220
"/Users/benzinho/dev/BU/MET CS673 - Software Engineering/group-project-team2/CS673_Frontend_TS_React/coverage/lcov-report/src/styles/index.html", "HTML", 0, 0, 0, 0, 0, 0, 0, 130, 0, 0, 0, 0, 0, 0, 0, 16, 146
"/Users/benzinho/dev/BU/MET CS673 - Software Engineering/group-project-team2/CS673_Frontend_TS_React/coverage/lcov-report/src/styles/styled.d.ts.html", "HTML", 0, 0, 0, 0, 0, 0, 0, 212, 0, 0, 0, 0, 0, 0, 0, 14, 226
"/Users/benzinho/dev/BU/MET CS673 - Software Engineering/group-project-team2/CS673_Frontend_TS_React/coverage/lcov-report/src/styles/styles.tsx.html", "HTML", 0, 0, 0, 0, 0, 0, 0, 1424, 0, 0, 0, 0, 0, 0, 0, 14, 1438
"/Users/benzinho/dev/BU/MET CS673 - Software Engineering/group-project-team2/CS673_Frontend_TS_React/coverage/lcov-report/src/types/index.html", "HTML", 0, 0, 0, 0, 0, 0, 0, 102, 0, 0, 0, 0, 0, 0, 0, 14, 116
"/Users/benzinho/dev/BU/MET CS673 - Software Engineering/group-project-team2/CS673_Frontend_TS_React/coverage/lcov-report/src/types/types.tsx.html", "HTML", 0, 0, 0, 0, 0, 0, 0, 140, 0, 0, 0, 0, 0, 0, 0, 14, 154
"/Users/benzinho/dev/BU/MET CS673 - Software Engineering/group-project-team2/CS673_Frontend_TS_React/coverage/lcov-report/src/utils/index.html", "HTML", 0, 0, 0, 0, 0, 0, 0, 102, 0, 0, 0, 0, 0, 0, 0, 14, 116
"/Users/benzinho/dev/BU/MET CS673 - Software Engineering/group-project-team2/CS673_Frontend_TS_React/coverage/lcov-report/src/utils/test-utils.tsx.html", "HTML", 0, 0, 0, 0, 0, 0, 0, 149, 0, 0, 0, 0, 0, 0, 0, 14, 163
"/Users/benzinho/dev/BU/MET CS673 - Software Engineering/group-project-team2/CS673_Frontend_TS_React/coverage/lcov-report/styles/app-theme.ts.html", "HTML", 0, 0, 0, 0, 0, 0, 0, 205, 0, 0, 0, 0, 0, 0, 0, 15, 220
"/Users/benzinho/dev/BU/MET CS673 - Software Engineering/group-project-team2/CS673_Frontend_TS_React/coverage/lcov-report/styles/index.html", "HTML", 0, 0, 0, 0, 0, 0, 0, 116, 0, 0, 0, 0, 0, 0, 0, 15, 131
"/Users/benzinho/dev/BU/MET CS673 - Software Engineering/group-project-team2/CS673_Frontend_TS_React/coverage/lcov-report/styles/styles.tsx.html", "HTML", 0, 0, 0, 0, 0, 0, 0, 1424, 0, 0, 0, 0, 0, 0, 0, 14, 1438
"/Users/benzinho/dev/BU/MET CS673 - Software Engineering/group-project-team2/CS673_Frontend_TS_React/coverage/lcov-report/sum.js.html", "HTML", 0, 0, 0, 0, 0, 0, 0, 80, 0, 0, 0, 0, 0, 0, 0, 14, 94
"/Users/benzinho/dev/BU/MET CS673 - Software Engineering/group-project-team2/CS673_Frontend_TS_React/index.d.ts", "TypeScript", 0, 1, 0, 0, 0, 0, 0, 0, 0, 0, 0, 0, 0, 0, 0, 1, 2
"/Users/benzinho/dev/BU/MET CS673 - Software Engineering/group-project-team2/CS673_Frontend_TS_React/jest.config.ts", "TypeScript", 0, 28, 0, 0, 0, 0, 0, 0, 0, 0, 0, 0, 0, 0, 119, 54, 201
"/Users/benzinho/dev/BU/MET CS673 - Software Engineering/group-project-team2/CS673_Frontend_TS_React/package-lock.json", "JSON", 0, 0, 0, 0, 0, 34006, 0, 0, 0, 0, 0, 0, 0, 0, 0, 1, 34007
"/Users/benzinho/dev/BU/MET CS673 - Software Engineering/group-project-team2/CS673_Frontend_TS_React/package.json", "JSON", 0, 0, 0, 0, 0, 87, 0, 0, 0, 0, 0, 0, 0, 0, 0, 1, 88
"/Users/benzinho/dev/BU/MET CS673 - Software Engineering/group-project-team2/CS673_Frontend_TS_React/public/index.html", "HTML", 0, 0, 0, 0, 0, 0, 0, 34, 0, 0, 0, 0, 0, 0, 25, 1, 60
"/Users/benzinho/dev/BU/MET CS673 - Software Engineering/group-project-team2/CS673_Frontend_TS_React/public/manifest.json", "JSON", 0, 0, 0, 0, 0, 25, 0, 0, 0, 0, 0, 0, 0, 0, 0, 1, 26
"/Users/benzinho/dev/BU/MET CS673 - Software Engineering/group-project-team2/CS673_Frontend_TS_React/react-dom.d.ts", "TypeScript", 0, 0, 0, 0, 0, 0, 0, 0, 0, 0, 0, 0, 0, 0, 0, 1, 1
"/Users/benzinho/dev/BU/MET CS673 - Software Engineering/group-project-team2/CS673_Frontend_TS_React/src/App.tsx", "TypeScript React", 25, 0, 0, 0, 0, 0, 0, 0, 0, 0, 0, 0, 0, 0, 0, 3, 28
"/Users/benzinho/dev/BU/MET CS673 - Software Engineering/group-project-team2/CS673_Frontend_TS_React/src/app/hooks.ts", "TypeScript", 0, 4, 0, 0, 0, 0, 0, 0, 0, 0, 0, 0, 0, 0, 0, 1, 5
"/Users/benzinho/dev/BU/MET CS673 - Software Engineering/group-project-team2/CS673_Frontend_TS_React/src/app/store.ts", "TypeScript", 0, 25, 0, 0, 0, 0, 0, 0, 0, 0, 0, 0, 0, 0, 0, 2, 27
"/Users/benzinho/dev/BU/MET CS673 - Software Engineering/group-project-team2/CS673_Frontend_TS_React/src/components/Activity_Components/Activity.tsx", "TypeScript React", 38, 0, 0, 0, 0, 0, 0, 0, 0, 0, 0, 0, 0, 0, 13, 7, 58
"/Users/benzinho/dev/BU/MET CS673 - Software Engineering/group-project-team2/CS673_Frontend_TS_React/src/components/Activity_Components/ActivityContainer.tsx", "TypeScript React", 130, 0, 0, 0, 0, 0, 0, 0, 0, 0, 0, 0, 0, 0, 4, 14, 148
"/Users/benzinho/dev/BU/MET CS673 - Software Engineering/group-project-team2/CS673_Frontend_TS_React/src/components/Activity_Components/ActivityForm.tsx", "TypeScript React", 178, 0, 0, 0, 0, 0, 0, 0, 0, 0, 0, 0, 0, 0, 34, 17, 229
"/Users/benzinho/dev/BU/MET CS673 - Software Engineering/group-project-team2/CS673_Frontend_TS_React/src/components/AddBtn.tsx", "TypeScript React", 9, 0, 0, 0, 0, 0, 0, 0, 0, 0, 0, 0, 0, 0, 0, 2, 11
"/Users/benzinho/dev/BU/MET CS673 - Software Engineering/group-project-team2/CS673_Frontend_TS_React/src/components/BasicModal.test.js", "JavaScript", 0, 0, 31, 0, 0, 0, 0, 0, 0, 0, 0, 0, 0, 0, 0, 9, 40
"/Users/benzinho/dev/BU/MET CS673 - Software Engineering/group-project-team2/CS673_Frontend_TS_React/src/components/BasicModal.tsx", "TypeScript React", 57, 0, 0, 0, 0, 0, 0, 0, 0, 0, 0, 0, 0, 0, 4, 6, 67
"/Users/benzinho/dev/BU/MET CS673 - Software Engineering/group-project-team2/CS673_Frontend_TS_React/src/components/ExternalAPI.tsx", "TypeScript React", 40, 0, 0, 0, 0, 0, 0, 0, 0, 0, 0, 0, 0, 0, 5, 9, 54
"/Users/benzinho/dev/BU/MET CS673 - Software Engineering/group-project-team2/CS673_Frontend_TS_React/src/components/HomePageHeader.tsx", "TypeScript React", 23, 0, 0, 0, 0, 0, 0, 0, 0, 0, 0, 0, 0, 0, 5, 5, 33
"/Users/benzinho/dev/BU/MET CS673 - Software Engineering/group-project-team2/CS673_Frontend_TS_React/src/components/Job_Components/DeleteBtn.tsx", "TypeScript React", 8, 0, 0, 0, 0, 0, 0, 0, 0, 0, 0, 0, 0, 0, 0, 2, 10
"/Users/benzinho/dev/BU/MET CS673 - Software Engineering/group-project-team2/CS673_Frontend_TS_React/src/components/Job_Components/JobCard.tsx", "TypeScript React", 23, 0, 0, 0, 0, 0, 0, 0, 0, 0, 0, 0, 0, 0, 0, 3, 26
"/Users/benzinho/dev/BU/MET CS673 - Software Engineering/group-project-team2/CS673_Frontend_TS_React/src/components/Job_Components/JobCardList.tsx", "TypeScript React", 48, 0, 0, 0, 0, 0, 0, 0, 0, 0, 0, 0, 0, 0, 1, 3, 52
"/Users/benzinho/dev/BU/MET CS673 - Software Engineering/group-project-team2/CS673_Frontend_TS_React/src/components/Job_Components/JobCardNew.tsx", "TypeScript React", 83, 0, 0, 0, 0, 0, 0, 0, 0, 0, 0, 0, 0, 0, 7, 15, 105
"/Users/benzinho/dev/BU/MET CS673 - Software Engineering/group-project-team2/CS673_Frontend_TS_React/src/components/Job_Components/JobForm.test.js", "JavaScript", 0, 0, 48, 0, 0, 0, 0, 0, 0, 0, 0, 0, 0, 0, 0, 11, 59
"/Users/benzinho/dev/BU/MET CS673 - Software Engineering/group-project-team2/CS673_Frontend_TS_React/src/components/Job_Components/JobForm.tsx", "TypeScript React", 144, 0, 0, 0, 0, 0, 0, 0, 0, 0, 0, 0, 0, 0, 20, 8, 172
"/Users/benzinho/dev/BU/MET CS673 - Software Engineering/group-project-team2/CS673_Frontend_TS_React/src/components/Job_Components/NoJobs.tsx", "TypeScript React", 11, 0, 0, 0, 0, 0, 0, 0, 0, 0, 0, 0, 0, 0, 0, 3, 14
"/Users/benzinho/dev/BU/MET CS673 - Software Engineering/group-project-team2/CS673_Frontend_TS_React/src/components/Landing_Page_Components/Waves.css", "CSS", 0, 0, 0, 84, 0, 0, 0, 0, 0, 0, 0, 0, 0, 0, 3, 8, 95
"/Users/benzinho/dev/BU/MET CS673 - Software Engineering/group-project-team2/CS673_Frontend_TS_React/src/components/Landing_Page_Components/Waves.tsx", "TypeScript React", 44, 0, 0, 0, 0, 0, 0, 0, 0, 0, 0, 0, 0, 0, 3, 2, 49
"/Users/benzinho/dev/BU/MET CS673 - Software Engineering/group-project-team2/CS673_Frontend_TS_React/src/components/Login.tsx", "TypeScript React", 15, 0, 0, 0, 0, 0, 0, 0, 0, 0, 0, 0, 0, 0, 0, 3, 18
"/Users/benzinho/dev/BU/MET CS673 - Software Engineering/group-project-team2/CS673_Frontend_TS_React/src/components/Logout.tsx", "TypeScript React", 14, 0, 0, 0, 0, 0, 0, 0, 0, 0, 0, 0, 0, 0, 0, 4, 18
"/Users/benzinho/dev/BU/MET CS673 - Software Engineering/group-project-team2/CS673_Frontend_TS_React/src/components/NavMenuItems.test.tsx", "TypeScript React", 45, 0, 0, 0, 0, 0, 0, 0, 0, 0, 0, 0, 0, 0, 0, 11, 56
"/Users/benzinho/dev/BU/MET CS673 - Software Engineering/group-project-team2/CS673_Frontend_TS_React/src/components/NavMenuItems.tsx", "TypeScript React", 27, 0, 0, 0, 0, 0, 0, 0, 0, 0, 0, 0, 0, 0, 7, 5, 39
"/Users/benzinho/dev/BU/MET CS673 - Software Engineering/group-project-team2/CS673_Frontend_TS_React/src/components/Navbar.tsx", "TypeScript React", 28, 0, 0, 0, 0, 0, 0, 0, 0, 0, 0, 0, 0, 0, 0, 11, 39
"/Users/benzinho/dev/BU/MET CS673 - Software Engineering/group-project-team2/CS673_Frontend_TS_React/src/components/SortBySelect.test.tsx", "TypeScript React", 9, 0, 0, 0, 0, 0, 0, 0, 0, 0, 0, 0, 0, 0, 0, 3, 12
"/Users/benzinho/dev/BU/MET CS673 - Software Engineering/group-project-team2/CS673_Frontend_TS_React/src/components/SortBySelect.tsx", "TypeScript React", 3, 0, 0, 0, 0, 0, 0, 0, 0, 0, 0, 0, 0, 0, 0, 1, 4
"/Users/benzinho/dev/BU/MET CS673 - Software Engineering/group-project-team2/CS673_Frontend_TS_React/src/components/User.test.tsx", "TypeScript React", 37, 0, 0, 0, 0, 0, 0, 0, 0, 0, 0, 0, 0, 0, 0, 9, 46
"/Users/benzinho/dev/BU/MET CS673 - Software Engineering/group-project-team2/CS673_Frontend_TS_React/src/components/User.tsx", "TypeScript React", 15, 0, 0, 0, 0, 0, 0, 0, 0, 0, 0, 0, 0, 0, 10, 7, 32
"/Users/benzinho/dev/BU/MET CS673 - Software Engineering/group-project-team2/CS673_Frontend_TS_React/src/components/UserMenuItem.test.tsx", "TypeScript React", 32, 0, 0, 0, 0, 0, 0, 0, 0, 0, 0, 0, 0, 0, 0, 10, 42
"/Users/benzinho/dev/BU/MET CS673 - Software Engineering/group-project-team2/CS673_Frontend_TS_React/src/components/UserMenuItem.tsx", "TypeScript React", 20, 0, 0, 0, 0, 0, 0, 0, 0, 0, 0, 0, 0, 0, 0, 5, 25
"/Users/benzinho/dev/BU/MET CS673 - Software Engineering/group-project-team2/CS673_Frontend_TS_React/src/data/mockdata.tsx", "TypeScript React", 524, 0, 0, 0, 0, 0, 0, 0, 0, 0, 0, 0, 0, 0, 94, 2, 620
"/Users/benzinho/dev/BU/MET CS673 - Software Engineering/group-project-team2/CS673_Frontend_TS_React/src/features/UI/ui_slice.tsx", "TypeScript React", 21, 0, 0, 0, 0, 0, 0, 0, 0, 0, 0, 0, 0, 0, 0, 4, 25
"/Users/benzinho/dev/BU/MET CS673 - Software Engineering/group-project-team2/CS673_Frontend_TS_React/src/features/activities/activities-slice.tsx", "TypeScript React", 64, 0, 0, 0, 0, 0, 0, 0, 0, 0, 0, 0, 0, 0, 4, 6, 74
"/Users/benzinho/dev/BU/MET CS673 - Software Engineering/group-project-team2/CS673_Frontend_TS_React/src/features/activity/activity-slice.tsx", "TypeScript React", 33, 0, 0, 0, 0, 0, 0, 0, 0, 0, 0, 0, 0, 0, 0, 4, 37
"/Users/benzinho/dev/BU/MET CS673 - Software Engineering/group-project-team2/CS673_Frontend_TS_React/src/features/job/job-slice.tsx", "TypeScript React", 36, 0, 0, 0, 0, 0, 0, 0, 0, 0, 0, 0, 0, 0, 0, 4, 40
"/Users/benzinho/dev/BU/MET CS673 - Software Engineering/group-project-team2/CS673_Frontend_TS_React/src/features/jobs/jobs-api-slice.ts", "TypeScript", 0, 67, 0, 0, 0, 0, 0, 0, 0, 0, 0, 0, 0, 0, 2, 3, 72
"/Users/benzinho/dev/BU/MET CS673 - Software Engineering/group-project-team2/CS673_Frontend_TS_React/src/features/user/user-slice.tsx", "TypeScript React", 27, 0, 0, 0, 0, 0, 0, 0, 0, 0, 0, 0, 0, 0, 0, 2, 29
"/Users/benzinho/dev/BU/MET CS673 - Software Engineering/group-project-team2/CS673_Frontend_TS_React/src/index.css", "CSS", 0, 0, 0, 20, 0, 0, 0, 0, 0, 0, 0, 0, 0, 0, 0, 4, 24
"/Users/benzinho/dev/BU/MET CS673 - Software Engineering/group-project-team2/CS673_Frontend_TS_React/src/index.tsx", "TypeScript React", 18, 0, 0, 0, 0, 0, 0, 0, 0, 0, 0, 0, 0, 0, 1, 5, 24
"/Users/benzinho/dev/BU/MET CS673 - Software Engineering/group-project-team2/CS673_Frontend_TS_React/src/middleware/auth/AxiosInterceptorProvider.tsx", "TypeScript React", 44, 0, 0, 0, 0, 0, 0, 0, 0, 0, 0, 0, 0, 0, 0, 8, 52
"/Users/benzinho/dev/BU/MET CS673 - Software Engineering/group-project-team2/CS673_Frontend_TS_React/src/middleware/auth/CommonAuthProvider.tsx", "TypeScript React", 32, 0, 0, 0, 0, 0, 0, 0, 0, 0, 0, 0, 0, 0, 0, 5, 37
"/Users/benzinho/dev/BU/MET CS673 - Software Engineering/group-project-team2/CS673_Frontend_TS_React/src/middleware/auth/index.tsx", "TypeScript React", 22, 0, 0, 0, 0, 0, 0, 0, 0, 0, 0, 0, 0, 0, 0, 3, 25
"/Users/benzinho/dev/BU/MET CS673 - Software Engineering/group-project-team2/CS673_Frontend_TS_React/src/middleware/restclient/api.tsx", "TypeScript React", 17, 0, 0, 0, 0, 0, 0, 0, 0, 0, 0, 0, 0, 0, 0, 2, 19
"/Users/benzinho/dev/BU/MET CS673 - Software Engineering/group-project-team2/CS673_Frontend_TS_React/src/model/job.type.tsx", "TypeScript React", 7, 0, 0, 0, 0, 0, 0, 0, 0, 0, 0, 0, 0, 0, 0, 0, 7
"/Users/benzinho/dev/BU/MET CS673 - Software Engineering/group-project-team2/CS673_Frontend_TS_React/src/pages/About.test.tsx", "TypeScript React", 19, 0, 0, 0, 0, 0, 0, 0, 0, 0, 0, 0, 0, 0, 0, 8, 27
"/Users/benzinho/dev/BU/MET CS673 - Software Engineering/group-project-team2/CS673_Frontend_TS_React/src/pages/About.tsx", "TypeScript React", 27, 0, 0, 0, 0, 0, 0, 0, 0, 0, 0, 0, 0, 0, 0, 3, 30
"/Users/benzinho/dev/BU/MET CS673 - Software Engineering/group-project-team2/CS673_Frontend_TS_React/src/pages/Home.tsx", "TypeScript React", 35, 0, 0, 0, 0, 0, 0, 0, 0, 0, 0, 0, 0, 0, 0, 3, 38
"/Users/benzinho/dev/BU/MET CS673 - Software Engineering/group-project-team2/CS673_Frontend_TS_React/src/pages/Loading.tsx", "TypeScript React", 43, 0, 0, 0, 0, 0, 0, 0, 0, 0, 0, 0, 0, 0, 7, 8, 58
"/Users/benzinho/dev/BU/MET CS673 - Software Engineering/group-project-team2/CS673_Frontend_TS_React/src/react-app-env.d.ts", "TypeScript", 0, 0, 0, 0, 0, 0, 0, 0, 0, 0, 0, 0, 0, 0, 2, 1, 3
"/Users/benzinho/dev/BU/MET CS673 - Software Engineering/group-project-team2/CS673_Frontend_TS_React/src/services/jobs.service.tsx", "TypeScript React", 20, 0, 0, 0, 0, 0, 0, 0, 0, 0, 0, 0, 0, 0, 0, 5, 25
"/Users/benzinho/dev/BU/MET CS673 - Software Engineering/group-project-team2/CS673_Frontend_TS_React/src/styles/app-theme.ts", "TypeScript", 0, 41, 0, 0, 0, 0, 0, 0, 0, 0, 0, 0, 0, 0, 0, 5, 46
"/Users/benzinho/dev/BU/MET CS673 - Software Engineering/group-project-team2/CS673_Frontend_TS_React/src/styles/styled.d.ts", "TypeScript", 0, 42, 0, 0, 0, 0, 0, 0, 0, 0, 0, 0, 0, 0, 0, 6, 48
"/Users/benzinho/dev/BU/MET CS673 - Software Engineering/group-project-team2/CS673_Frontend_TS_React/src/styles/styles.tsx", "TypeScript React", 406, 0, 0, 0, 0, 0, 0, 0, 0, 0, 0, 0, 0, 0, 21, 25, 452
"/Users/benzinho/dev/BU/MET CS673 - Software Engineering/group-project-team2/CS673_Frontend_TS_React/src/types/types.tsx", "TypeScript React", 17, 0, 0, 0, 0, 0, 0, 0, 0, 0, 0, 0, 0, 0, 4, 3, 24
"/Users/benzinho/dev/BU/MET CS673 - Software Engineering/group-project-team2/CS673_Frontend_TS_React/src/utils/test-utils.tsx", "TypeScript React", 23, 0, 0, 0, 0, 0, 0, 0, 0, 0, 0, 0, 0, 0, 0, 4, 27
"/Users/benzinho/dev/BU/MET CS673 - Software Engineering/group-project-team2/CS673_Frontend_TS_React/store.ts", "TypeScript", 0, 0, 0, 0, 0, 0, 0, 0, 0, 0, 0, 0, 0, 0, 0, 1, 1
"/Users/benzinho/dev/BU/MET CS673 - Software Engineering/group-project-team2/CS673_Frontend_TS_React/style.css", "CSS", 0, 0, 0, 61, 0, 0, 0, 0, 0, 0, 0, 0, 0, 0, 0, 14, 75
"/Users/benzinho/dev/BU/MET CS673 - Software Engineering/group-project-team2/CS673_Frontend_TS_React/tsconfig.eslint.json", "JSON", 0, 0, 0, 0, 0, 8, 0, 0, 0, 0, 0, 0, 0, 0, 0, 1, 9
"/Users/benzinho/dev/BU/MET CS673 - Software Engineering/group-project-team2/CS673_Frontend_TS_React/tsconfig.json", "JSON with Comments", 0, 0, 0, 0, 0, 0, 24, 0, 0, 0, 0, 0, 0, 0, 1, 1, 26
"/Users/benzinho/dev/BU/MET CS673 - Software Engineering/group-project-team2/jobs-tracker-frontend/package.json", "JSON", 0, 0, 0, 0, 0, 80, 0, 0, 0, 0, 0, 0, 0, 0, 0, 1, 81
"/Users/benzinho/dev/BU/MET CS673 - Software Engineering/group-project-team2/readme.md", "Markdown", 0, 0, 0, 0, 20, 0, 0, 0, 0, 0, 0, 0, 0, 0, 0, 11, 31
"/Users/benzinho/dev/BU/MET CS673 - Software Engineering/group-project-team2/team.md", "Markdown", 0, 0, 0, 0, 12, 0, 0, 0, 0, 0, 0, 0, 0, 0, 0, 12, 24
"Total", "-", 2541, 208, 311, 369, 300, 34260, 40, 21960, 70, 592, 603, 3301, 34, 345, 514, 2322, 67770